Cube,Keywords
AlchemistsCrucible31.,62
BeginnerCube.,17
CasualChampionsCube.,71
CoreResonanceBasic.,16
CoreSetArchytas.,16
CoreTheElegantCube.,70
EvolvingWildsCube.,65
GraveyardComboCube.,60
Highball.,63
kirblinxs_type_4_communal_stack.,85
NoFreeLunches.,68
NonblueGridMOriginsV3.,30
OLDGraveyardComboCube.,64
OPCube2020.,23
penny_pincher_20inventors_fair.,57
igh_a_cube.,66
Simplicity.,21
TheBlackCube.,74
TheCoolSide.,62
TheElegantCube.,107
TheGameNightCube.,17
TheGrandOdyssey.,17
TheNoobCube.,26
WheelofChange.,64
