Set,Keywords
2ED,13
3ED,14
4ED,15
5ED,18
6ED,15
7ED,14
8ED,14
9ED,17
10E,22
M10,19
M11,19
M12,17
M13,21
M14,19
M15,20
ORI,21
M19,16
M20,19
M21,22
POR,10
P02,10
PTK,10
S99,9
ARN,8
ATQ,8
LEG,17
DRK,12
FEM,9
HML,11
ICE,16
ALL,13
MIR,19
VIS,18
WTH,17
TMP,18
STH,10
EXO,12
USG,18
ULG,12
UDS,14
MMQ,18
NEM,12
PCY,13
INV,17
PLS,10
APC,11
ODY,19
TOR,16
JUD,15
ONS,15
LGN,15
SCG,20
MRD,17
DST,18
5DN,20
CHK,22
BOK,15
SOK,18
RAV,22
GPT,18
DIS,17
CSP,13
TSP,26
PLC,24
FUT,50
LRW,25
MOR,22
SHM,22
EVE,24
ALA,22
CON_,25
ARB,30
ZEN,23
WWK,16
ROE,23
SOM,21
MBS,27
NPH,22
ISD,22
DKA,23
AVR,24
RTR,23
GTC,23
DGM,30
THS,24
BNG,20
JOU,22
KTK,24
FRF,21
DTK,24
BFZ,23
OGW,22
SOI,24
EMN,25
KLD,19
AER,19
AKH,23
HOU,23
XLN,22
RIX,23
DOM,22
GRN,22
RNA,23
WAR,19
ELD,20
THB,20
IKO,17
ZNR,20
MMA,38
MM2,37
EMA,28
MM3,25
IMA,29
A25,31
UMA,31
2XM,52
MH1,58
CMR,42
JMP,20
